Issue ID,Description,State,Severity,Story Points,Project Path,Location Kind,Path,Line,Column,Incident ID,Help Link,Assembly Name,Assembly Version,Assembly Public Key,Snippet
NuGet.0002,NuGet package upgrade is recommended,Active,Potential,1,BCKFreightTMS.Common\BCKFreightTMS.Common.csproj,File,BCKFreightTMS.Common\BCKFreightTMS.Common.csproj,,,Microsoft.AspNetCore.Mvc.Razor.RuntimeCompilation 6.0.0,,,,,"Microsoft.AspNetCore.Mvc.Razor.RuntimeCompilation, 6.0.0  Recommendation:  Remove Microsoft.AspNetCore.Mvc.Razor.RuntimeCompilation, and replace with new package Microsoft.AspNetCore.Mvc.Razor.RuntimeCompilation 10.0.2"
Project.0002,Project's target framework(s) needs to be changed,Active,Mandatory,1,BCKFreightTMS.Common\BCKFreightTMS.Common.csproj,File,BCKFreightTMS.Common\BCKFreightTMS.Common.csproj,,,,,,,,Current target framework: net6.0 Recommended target framework: net10.0
NuGet.0002,NuGet package upgrade is recommended,Active,Potential,1,Data\BCKFreightTMS.Data.Common\BCKFreightTMS.Data.Common.csproj,File,Data\BCKFreightTMS.Data.Common\BCKFreightTMS.Data.Common.csproj,,,Microsoft.AspNetCore.Mvc.Razor.RuntimeCompilation 6.0.0,,,,,"Microsoft.AspNetCore.Mvc.Razor.RuntimeCompilation, 6.0.0  Recommendation:  Remove Microsoft.AspNetCore.Mvc.Razor.RuntimeCompilation, and replace with new package Microsoft.AspNetCore.Mvc.Razor.RuntimeCompilation 10.0.2"
NuGet.0003,NuGet package functionality is included with framework reference,Active,Mandatory,1,Data\BCKFreightTMS.Data.Common\BCKFreightTMS.Data.Common.csproj,File,Data\BCKFreightTMS.Data.Common\BCKFreightTMS.Data.Common.csproj,,,System.ComponentModel.Annotations 5.0.0.0,,,,,"System.ComponentModel.Annotations, 5.0.0.0  Recommendation:  Package functionality included with new framework reference"
Project.0002,Project's target framework(s) needs to be changed,Active,Mandatory,1,Data\BCKFreightTMS.Data.Common\BCKFreightTMS.Data.Common.csproj,File,Data\BCKFreightTMS.Data.Common\BCKFreightTMS.Data.Common.csproj,,,,,,,,Current target framework: net6.0 Recommended target framework: net10.0
NuGet.0002,NuGet package upgrade is recommended,Active,Potential,1,Data\BCKFreightTMS.Data\BCKFreightTMS.Data.csproj,File,Data\BCKFreightTMS.Data\BCKFreightTMS.Data.csproj,,,Microsoft.AspNetCore.Identity.EntityFrameworkCore 6.0.0,,,,,"Microsoft.AspNetCore.Identity.EntityFrameworkCore, 6.0.0  Recommendation:  Remove Microsoft.AspNetCore.Identity.EntityFrameworkCore, and replace with new package Microsoft.AspNetCore.Identity.EntityFrameworkCore 10.0.2"
NuGet.0002,NuGet package upgrade is recommended,Active,Potential,1,Data\BCKFreightTMS.Data\BCKFreightTMS.Data.csproj,File,Data\BCKFreightTMS.Data\BCKFreightTMS.Data.csproj,,,Microsoft.AspNetCore.Mvc.Razor.RuntimeCompilation 6.0.0,,,,,"Microsoft.AspNetCore.Mvc.Razor.RuntimeCompilation, 6.0.0  Recommendation:  Remove Microsoft.AspNetCore.Mvc.Razor.RuntimeCompilation, and replace with new package Microsoft.AspNetCore.Mvc.Razor.RuntimeCompilation 10.0.2"
NuGet.0002,NuGet package upgrade is recommended,Active,Potential,1,Data\BCKFreightTMS.Data\BCKFreightTMS.Data.csproj,File,Data\BCKFreightTMS.Data\BCKFreightTMS.Data.csproj,,,Microsoft.EntityFrameworkCore.Design 6.0.0,,,,,"Microsoft.EntityFrameworkCore.Design, 6.0.0  Recommendation:  Remove Microsoft.EntityFrameworkCore.Design, and replace with new package Microsoft.EntityFrameworkCore.Design 10.0.2"
NuGet.0002,NuGet package upgrade is recommended,Active,Potential,1,Data\BCKFreightTMS.Data\BCKFreightTMS.Data.csproj,File,Data\BCKFreightTMS.Data\BCKFreightTMS.Data.csproj,,,Microsoft.EntityFrameworkCore.SqlServer 6.0.0,,,,,"Microsoft.EntityFrameworkCore.SqlServer, 6.0.0  Recommendation:  Remove Microsoft.EntityFrameworkCore.SqlServer, and replace with new package Microsoft.EntityFrameworkCore.SqlServer 10.0.2"
NuGet.0002,NuGet package upgrade is recommended,Active,Potential,1,Data\BCKFreightTMS.Data\BCKFreightTMS.Data.csproj,File,Data\BCKFreightTMS.Data\BCKFreightTMS.Data.csproj,,,Microsoft.EntityFrameworkCore.Tools 6.0.0,,,,,"Microsoft.EntityFrameworkCore.Tools, 6.0.0  Recommendation:  Remove Microsoft.EntityFrameworkCore.Tools, and replace with new package Microsoft.EntityFrameworkCore.Tools 10.0.2"
NuGet.0002,NuGet package upgrade is recommended,Active,Potential,1,Data\BCKFreightTMS.Data\BCKFreightTMS.Data.csproj,File,Data\BCKFreightTMS.Data\BCKFreightTMS.Data.csproj,,,Microsoft.Extensions.Configuration.UserSecrets 6.0.0,,,,,"Microsoft.Extensions.Configuration.UserSecrets, 6.0.0  Recommendation:  Remove Microsoft.Extensions.Configuration.UserSecrets, and replace with new package Microsoft.Extensions.Configuration.UserSecrets 10.0.2"
Project.0002,Project's target framework(s) needs to be changed,Active,Mandatory,1,Data\BCKFreightTMS.Data\BCKFreightTMS.Data.csproj,File,Data\BCKFreightTMS.Data\BCKFreightTMS.Data.csproj,,,,,,,,Current target framework: net6.0 Recommended target framework: net10.0
NuGet.0002,NuGet package upgrade is recommended,Active,Potential,1,Data\BCKFreightTMS.Data.Models\BCKFreightTMS.Data.Models.csproj,File,Data\BCKFreightTMS.Data.Models\BCKFreightTMS.Data.Models.csproj,,,Microsoft.AspNetCore.Identity.EntityFrameworkCore 6.0.0,,,,,"Microsoft.AspNetCore.Identity.EntityFrameworkCore, 6.0.0  Recommendation:  Remove Microsoft.AspNetCore.Identity.EntityFrameworkCore, and replace with new package Microsoft.AspNetCore.Identity.EntityFrameworkCore 10.0.2"
NuGet.0002,NuGet package upgrade is recommended,Active,Potential,1,Data\BCKFreightTMS.Data.Models\BCKFreightTMS.Data.Models.csproj,File,Data\BCKFreightTMS.Data.Models\BCKFreightTMS.Data.Models.csproj,,,Microsoft.AspNetCore.Mvc.Razor.RuntimeCompilation 6.0.0,,,,,"Microsoft.AspNetCore.Mvc.Razor.RuntimeCompilation, 6.0.0  Recommendation:  Remove Microsoft.AspNetCore.Mvc.Razor.RuntimeCompilation, and replace with new package Microsoft.AspNetCore.Mvc.Razor.RuntimeCompilation 10.0.2"
NuGet.0002,NuGet package upgrade is recommended,Active,Potential,1,Data\BCKFreightTMS.Data.Models\BCKFreightTMS.Data.Models.csproj,File,Data\BCKFreightTMS.Data.Models\BCKFreightTMS.Data.Models.csproj,,,Microsoft.EntityFrameworkCore.Design 6.0.0,,,,,"Microsoft.EntityFrameworkCore.Design, 6.0.0  Recommendation:  Remove Microsoft.EntityFrameworkCore.Design, and replace with new package Microsoft.EntityFrameworkCore.Design 10.0.2"
Project.0002,Project's target framework(s) needs to be changed,Active,Mandatory,1,Data\BCKFreightTMS.Data.Models\BCKFreightTMS.Data.Models.csproj,File,Data\BCKFreightTMS.Data.Models\BCKFreightTMS.Data.Models.csproj,,,,,,,,Current target framework: net6.0 Recommended target framework: net10.0
NuGet.0002,NuGet package upgrade is recommended,Active,Potential,1,Services\BCKFreightTMS.Services\BCKFreightTMS.Services.csproj,File,Services\BCKFreightTMS.Services\BCKFreightTMS.Services.csproj,,,Microsoft.AspNetCore.Mvc.Razor.RuntimeCompilation 6.0.0,,,,,"Microsoft.AspNetCore.Mvc.Razor.RuntimeCompilation, 6.0.0  Recommendation:  Remove Microsoft.AspNetCore.Mvc.Razor.RuntimeCompilation, and replace with new package Microsoft.AspNetCore.Mvc.Razor.RuntimeCompilation 10.0.2"
Project.0002,Project's target framework(s) needs to be changed,Active,Mandatory,1,Services\BCKFreightTMS.Services\BCKFreightTMS.Services.csproj,File,Services\BCKFreightTMS.Services\BCKFreightTMS.Services.csproj,,,,,,,,Current target framework: net6.0 Recommended target framework: net10.0
Api.0003,Behavioral change in selected .NET version,Active,Potential,1,Services\BCKFreightTMS.Services\BCKFreightTMS.Services.csproj,File,Services\BCKFreightTMS.Services\CompaniesManagerService.cs,37,16,T:System.Text.Json.JsonDocument,,,,,using var jsonDoc = await JsonDocument.ParseAsync(fs);
Api.0002,Source incompatible for selected .NET version,Active,Potential,1,Services\BCKFreightTMS.Services\BCKFreightTMS.Services.csproj,File,Services\BCKFreightTMS.Services\ImageCompressService.cs,165,12,T:System.Drawing.Image,,,,,"this.img.Save(path, imageCodec, parameters);"
Api.0002,Source incompatible for selected .NET version,Active,Potential,1,Services\BCKFreightTMS.Services\BCKFreightTMS.Services.csproj,File,Services\BCKFreightTMS.Services\ImageCompressService.cs,165,12,"M:System.Drawing.Image.Save(System.String,System.Drawing.Imaging.ImageCodecInfo,System.Drawing.Imaging.EncoderParameters)",,,,,"this.img.Save(path, imageCodec, parameters);"
Api.0002,Source incompatible for selected .NET version,Active,Potential,1,Services\BCKFreightTMS.Services\BCKFreightTMS.Services.csproj,File,Services\BCKFreightTMS.Services\ImageCompressService.cs,163,12,P:System.Drawing.Imaging.EncoderParameters.Param,,,,,parameters.Param[0] = qualityParam;
Api.0002,Source incompatible for selected .NET version,Active,Potential,1,Services\BCKFreightTMS.Services\BCKFreightTMS.Services.csproj,File,Services\BCKFreightTMS.Services\ImageCompressService.cs,162,12,T:System.Drawing.Imaging.EncoderParameters,,,,,EncoderParameters parameters = new EncoderParameters(1);
Api.0002,Source incompatible for selected .NET version,Active,Potential,1,Services\BCKFreightTMS.Services\BCKFreightTMS.Services.csproj,File,Services\BCKFreightTMS.Services\ImageCompressService.cs,162,12,M:System.Drawing.Imaging.EncoderParameters.#ctor(System.Int32),,,,,EncoderParameters parameters = new EncoderParameters(1);
Api.0002,Source incompatible for selected .NET version,Active,Potential,1,Services\BCKFreightTMS.Services\BCKFreightTMS.Services.csproj,File,Services\BCKFreightTMS.Services\ImageCompressService.cs,160,12,T:System.Drawing.Imaging.ImageCodecInfo,,,,,"ImageCodecInfo imageCodec = this.GetImageCoeInfo(""image/jpeg"");"
Api.0002,Source incompatible for selected .NET version,Active,Potential,1,Services\BCKFreightTMS.Services\BCKFreightTMS.Services.csproj,File,Services\BCKFreightTMS.Services\ImageCompressService.cs,157,12,T:System.Drawing.Imaging.Encoder,,,,,"EncoderParameter qualityParam =                  new EncoderParameter(System.Drawing.Imaging.Encoder.Quality, quality);"
Api.0002,Source incompatible for selected .NET version,Active,Potential,1,Services\BCKFreightTMS.Services\BCKFreightTMS.Services.csproj,File,Services\BCKFreightTMS.Services\ImageCompressService.cs,157,12,T:System.Drawing.Imaging.Encoder,,,,,"EncoderParameter qualityParam =                  new EncoderParameter(System.Drawing.Imaging.Encoder.Quality, quality);"
Api.0002,Source incompatible for selected .NET version,Active,Potential,1,Services\BCKFreightTMS.Services\BCKFreightTMS.Services.csproj,File,Services\BCKFreightTMS.Services\ImageCompressService.cs,157,12,F:System.Drawing.Imaging.Encoder.Quality,,,,,"EncoderParameter qualityParam =                  new EncoderParameter(System.Drawing.Imaging.Encoder.Quality, quality);"
Api.0002,Source incompatible for selected .NET version,Active,Potential,1,Services\BCKFreightTMS.Services\BCKFreightTMS.Services.csproj,File,Services\BCKFreightTMS.Services\ImageCompressService.cs,157,12,T:System.Drawing.Imaging.EncoderParameter,,,,,"EncoderParameter qualityParam =                  new EncoderParameter(System.Drawing.Imaging.Encoder.Quality, quality);"
Api.0002,Source incompatible for selected .NET version,Active,Potential,1,Services\BCKFreightTMS.Services\BCKFreightTMS.Services.csproj,File,Services\BCKFreightTMS.Services\ImageCompressService.cs,157,12,"M:System.Drawing.Imaging.EncoderParameter.#ctor(System.Drawing.Imaging.Encoder,System.Int64)",,,,,"EncoderParameter qualityParam =                  new EncoderParameter(System.Drawing.Imaging.Encoder.Quality, quality);"
Api.0002,Source incompatible for selected .NET version,Active,Potential,1,Services\BCKFreightTMS.Services\BCKFreightTMS.Services.csproj,File,Services\BCKFreightTMS.Services\ImageCompressService.cs,155,12,T:System.Drawing.Image,,,,,this.img = this.CompressImage();
Api.0002,Source incompatible for selected .NET version,Active,Potential,1,Services\BCKFreightTMS.Services\BCKFreightTMS.Services.csproj,File,Services\BCKFreightTMS.Services\ImageCompressService.cs,155,12,T:System.Drawing.Image,,,,,this.img = this.CompressImage();
Api.0002,Source incompatible for selected .NET version,Active,Potential,1,Services\BCKFreightTMS.Services\BCKFreightTMS.Services.csproj,File,Services\BCKFreightTMS.Services\ImageCompressService.cs,133,8,T:System.Drawing.Imaging.ImageCodecInfo,,,,,private ImageCodecInfo GetImageCoeInfo(string mimeType)
Api.0002,Source incompatible for selected .NET version,Active,Potential,1,Services\BCKFreightTMS.Services\BCKFreightTMS.Services.csproj,File,Services\BCKFreightTMS.Services\ImageCompressService.cs,138,16,P:System.Drawing.Imaging.ImageCodecInfo.MimeType,,,,,if (codes[i].MimeType == mimeType)                  {                      return codes[i];                  }
Api.0002,Source incompatible for selected .NET version,Active,Potential,1,Services\BCKFreightTMS.Services\BCKFreightTMS.Services.csproj,File,Services\BCKFreightTMS.Services\ImageCompressService.cs,135,12,T:System.Drawing.Imaging.ImageCodecInfo,,,,,ImageCodecInfo[] codes = ImageCodecInfo.GetImageEncoders();
Api.0002,Source incompatible for selected .NET version,Active,Potential,1,Services\BCKFreightTMS.Services\BCKFreightTMS.Services.csproj,File,Services\BCKFreightTMS.Services\ImageCompressService.cs,135,12,M:System.Drawing.Imaging.ImageCodecInfo.GetImageEncoders,,,,,ImageCodecInfo[] codes = ImageCodecInfo.GetImageEncoders();
Api.0002,Source incompatible for selected .NET version,Active,Potential,1,Services\BCKFreightTMS.Services\BCKFreightTMS.Services.csproj,File,Services\BCKFreightTMS.Services\ImageCompressService.cs,88,8,T:System.Drawing.Image,,,,,private Image CompressImage()
Api.0002,Source incompatible for selected .NET version,Active,Potential,1,Services\BCKFreightTMS.Services\BCKFreightTMS.Services.csproj,File,Services\BCKFreightTMS.Services\ImageCompressService.cs,97,16,T:System.Drawing.Image,,,,,"return newBitmap.GetThumbnailImage(this.Width, this.Height, null, IntPtr.Zero);"
Api.0002,Source incompatible for selected .NET version,Active,Potential,1,Services\BCKFreightTMS.Services\BCKFreightTMS.Services.csproj,File,Services\BCKFreightTMS.Services\ImageCompressService.cs,97,16,"M:System.Drawing.Image.GetThumbnailImage(System.Int32,System.Int32,System.Drawing.Image.GetThumbnailImageAbort,System.IntPtr)",,,,,"return newBitmap.GetThumbnailImage(this.Width, this.Height, null, IntPtr.Zero);"
Api.0002,Source incompatible for selected .NET version,Active,Potential,1,Services\BCKFreightTMS.Services\BCKFreightTMS.Services.csproj,File,Services\BCKFreightTMS.Services\ImageCompressService.cs,96,16,"M:System.Drawing.Bitmap.SetResolution(System.Single,System.Single)",,,,,"newBitmap.SetResolution(80, 80);"
Api.0002,Source incompatible for selected .NET version,Active,Potential,1,Services\BCKFreightTMS.Services\BCKFreightTMS.Services.csproj,File,Services\BCKFreightTMS.Services\ImageCompressService.cs,95,16,T:System.Drawing.Bitmap,,,,,newBitmap = this.bitmap;
Api.0002,Source incompatible for selected .NET version,Active,Potential,1,Services\BCKFreightTMS.Services\BCKFreightTMS.Services.csproj,File,Services\BCKFreightTMS.Services\ImageCompressService.cs,94,16,T:System.Drawing.Imaging.PixelFormat,,,,,"Bitmap newBitmap = new Bitmap(this.Width, this.Height, PixelFormat.Format24bppRgb);"
Api.0002,Source incompatible for selected .NET version,Active,Potential,1,Services\BCKFreightTMS.Services\BCKFreightTMS.Services.csproj,File,Services\BCKFreightTMS.Services\ImageCompressService.cs,94,16,T:System.Drawing.Imaging.PixelFormat,,,,,"Bitmap newBitmap = new Bitmap(this.Width, this.Height, PixelFormat.Format24bppRgb);"
Api.0002,Source incompatible for selected .NET version,Active,Potential,1,Services\BCKFreightTMS.Services\BCKFreightTMS.Services.csproj,File,Services\BCKFreightTMS.Services\ImageCompressService.cs,94,16,F:System.Drawing.Imaging.PixelFormat.Format24bppRgb,,,,,"Bitmap newBitmap = new Bitmap(this.Width, this.Height, PixelFormat.Format24bppRgb);"
Api.0002,Source incompatible for selected .NET version,Active,Potential,1,Services\BCKFreightTMS.Services\BCKFreightTMS.Services.csproj,File,Services\BCKFreightTMS.Services\ImageCompressService.cs,94,16,T:System.Drawing.Bitmap,,,,,"Bitmap newBitmap = new Bitmap(this.Width, this.Height, PixelFormat.Format24bppRgb);"
Api.0002,Source incompatible for selected .NET version,Active,Potential,1,Services\BCKFreightTMS.Services\BCKFreightTMS.Services.csproj,File,Services\BCKFreightTMS.Services\ImageCompressService.cs,94,16,"M:System.Drawing.Bitmap.#ctor(System.Int32,System.Int32,System.Drawing.Imaging.PixelFormat)",,,,,"Bitmap newBitmap = new Bitmap(this.Width, this.Height, PixelFormat.Format24bppRgb);"
Api.0002,Source incompatible for selected .NET version,Active,Potential,1,Services\BCKFreightTMS.Services\BCKFreightTMS.Services.csproj,File,Services\BCKFreightTMS.Services\ImageCompressService.cs,93,16,T:System.Drawing.Bitmap,,,,,this.Height = (this.Height == 0) ? this.GetImage.Height : this.Height;
Api.0002,Source incompatible for selected .NET version,Active,Potential,1,Services\BCKFreightTMS.Services\BCKFreightTMS.Services.csproj,File,Services\BCKFreightTMS.Services\ImageCompressService.cs,93,16,P:System.Drawing.Image.Height,,,,,this.Height = (this.Height == 0) ? this.GetImage.Height : this.Height;
Api.0002,Source incompatible for selected .NET version,Active,Potential,1,Services\BCKFreightTMS.Services\BCKFreightTMS.Services.csproj,File,Services\BCKFreightTMS.Services\ImageCompressService.cs,92,16,T:System.Drawing.Bitmap,,,,,this.Width = (this.Width == 0) ? this.GetImage.Width : this.Width;
Api.0002,Source incompatible for selected .NET version,Active,Potential,1,Services\BCKFreightTMS.Services\BCKFreightTMS.Services.csproj,File,Services\BCKFreightTMS.Services\ImageCompressService.cs,92,16,P:System.Drawing.Image.Width,,,,,this.Width = (this.Width == 0) ? this.GetImage.Width : this.Width;
Api.0002,Source incompatible for selected .NET version,Active,Potential,1,Services\BCKFreightTMS.Services\BCKFreightTMS.Services.csproj,File,Services\BCKFreightTMS.Services\ImageCompressService.cs,90,12,T:System.Drawing.Bitmap,,,,,"if (this.GetImage != null)              {                  this.Width = (this.Width == 0) ? this.GetImage.Width : this.Width;                  this.Height = (this.Height == 0) ? this.GetImage.Height : this.Height;                  Bitmap newBitmap = new Bitmap(this.Width, this.Height, PixelFormat.Format24bppRgb);                  newBitmap = this.bitmap;                  newBitmap.SetResolution(80, 80);                  return newBitmap.GetThumbnailImage(this.Width, this.Height, null, IntPtr.Zero);              }              else              {                  throw new Exception(""Please provide bitmap"");              }"
Api.0002,Source incompatible for selected .NET version,Active,Potential,1,Services\BCKFreightTMS.Services\BCKFreightTMS.Services.csproj,File,Services\BCKFreightTMS.Services\ImageCompressService.cs,66,12,T:System.Drawing.Bitmap,,,,,set { this.bitmap = value; }
Api.0002,Source incompatible for selected .NET version,Active,Potential,1,Services\BCKFreightTMS.Services\BCKFreightTMS.Services.csproj,File,Services\BCKFreightTMS.Services\ImageCompressService.cs,66,18,T:System.Drawing.Bitmap,,,,,this.bitmap = value;
Api.0002,Source incompatible for selected .NET version,Active,Potential,1,Services\BCKFreightTMS.Services\BCKFreightTMS.Services.csproj,File,Services\BCKFreightTMS.Services\ImageCompressService.cs,65,12,T:System.Drawing.Bitmap,,,,,get { return this.bitmap; }
Api.0002,Source incompatible for selected .NET version,Active,Potential,1,Services\BCKFreightTMS.Services\BCKFreightTMS.Services.csproj,File,Services\BCKFreightTMS.Services\ImageCompressService.cs,65,18,T:System.Drawing.Bitmap,,,,,return this.bitmap;
Api.0002,Source incompatible for selected .NET version,Active,Potential,1,Services\BCKFreightTMS.Services\BCKFreightTMS.Services.csproj,File,Services\BCKFreightTMS.Services\ImageCompressService.cs,63,8,T:System.Drawing.Bitmap,,,,,public Bitmap GetImage
Api.0002,Source incompatible for selected .NET version,Active,Potential,1,Services\BCKFreightTMS.Services\BCKFreightTMS.Services.csproj,File,Services\BCKFreightTMS.Services\ImageCompressService.cs,17,22,T:System.Drawing.Image,,,,,img
Api.0002,Source incompatible for selected .NET version,Active,Potential,1,Services\BCKFreightTMS.Services\BCKFreightTMS.Services.csproj,File,Services\BCKFreightTMS.Services\ImageCompressService.cs,14,23,T:System.Drawing.Bitmap,,,,,bitmap
NuGet.0002,NuGet package upgrade is recommended,Active,Potential,1,Services\BCKFreightTMS.Services.Data\BCKFreightTMS.Services.Data.csproj,File,Services\BCKFreightTMS.Services.Data\BCKFreightTMS.Services.Data.csproj,,,Microsoft.AspNetCore.Mvc.Razor.RuntimeCompilation 6.0.0,,,,,"Microsoft.AspNetCore.Mvc.Razor.RuntimeCompilation, 6.0.0  Recommendation:  Remove Microsoft.AspNetCore.Mvc.Razor.RuntimeCompilation, and replace with new package Microsoft.AspNetCore.Mvc.Razor.RuntimeCompilation 10.0.2"
Project.0002,Project's target framework(s) needs to be changed,Active,Mandatory,1,Services\BCKFreightTMS.Services.Data\BCKFreightTMS.Services.Data.csproj,File,Services\BCKFreightTMS.Services.Data\BCKFreightTMS.Services.Data.csproj,,,,,,,,Current target framework: net6.0 Recommended target framework: net10.0
Api.0003,Behavioral change in selected .NET version,Active,Potential,1,Services\BCKFreightTMS.Services.Data\BCKFreightTMS.Services.Data.csproj,File,Services\BCKFreightTMS.Services.Data\FinanceService.cs,100,12,T:System.Net.Http.HttpContent,,,,,var json = await response.Content.ReadAsStringAsync();
NuGet.0002,NuGet package upgrade is recommended,Active,Potential,1,Tests\BCKFreightTMS.Services.Data.Tests\BCKFreightTMS.Services.Data.Tests.csproj,File,Tests\BCKFreightTMS.Services.Data.Tests\BCKFreightTMS.Services.Data.Tests.csproj,,,Microsoft.AspNetCore.Mvc.Razor.RuntimeCompilation 6.0.0,,,,,"Microsoft.AspNetCore.Mvc.Razor.RuntimeCompilation, 6.0.0  Recommendation:  Remove Microsoft.AspNetCore.Mvc.Razor.RuntimeCompilation, and replace with new package Microsoft.AspNetCore.Mvc.Razor.RuntimeCompilation 10.0.2"
NuGet.0002,NuGet package upgrade is recommended,Active,Potential,1,Tests\BCKFreightTMS.Services.Data.Tests\BCKFreightTMS.Services.Data.Tests.csproj,File,Tests\BCKFreightTMS.Services.Data.Tests\BCKFreightTMS.Services.Data.Tests.csproj,,,Microsoft.EntityFrameworkCore.Design 6.0.0,,,,,"Microsoft.EntityFrameworkCore.Design, 6.0.0  Recommendation:  Remove Microsoft.EntityFrameworkCore.Design, and replace with new package Microsoft.EntityFrameworkCore.Design 10.0.2"
NuGet.0002,NuGet package upgrade is recommended,Active,Potential,1,Tests\BCKFreightTMS.Services.Data.Tests\BCKFreightTMS.Services.Data.Tests.csproj,File,Tests\BCKFreightTMS.Services.Data.Tests\BCKFreightTMS.Services.Data.Tests.csproj,,,Microsoft.EntityFrameworkCore.InMemory 6.0.0,,,,,"Microsoft.EntityFrameworkCore.InMemory, 6.0.0  Recommendation:  Remove Microsoft.EntityFrameworkCore.InMemory, and replace with new package Microsoft.EntityFrameworkCore.InMemory 10.0.2"
Project.0002,Project's target framework(s) needs to be changed,Active,Mandatory,1,Tests\BCKFreightTMS.Services.Data.Tests\BCKFreightTMS.Services.Data.Tests.csproj,File,Tests\BCKFreightTMS.Services.Data.Tests\BCKFreightTMS.Services.Data.Tests.csproj,,,,,,,,Current target framework: net6.0 Recommended target framework: net10.0
NuGet.0002,NuGet package upgrade is recommended,Active,Potential,1,Services\BCKFreightTMS.Services.Mapping\BCKFreightTMS.Services.Mapping.csproj,File,Services\BCKFreightTMS.Services.Mapping\BCKFreightTMS.Services.Mapping.csproj,,,Microsoft.AspNetCore.Mvc.Razor.RuntimeCompilation 6.0.0,,,,,"Microsoft.AspNetCore.Mvc.Razor.RuntimeCompilation, 6.0.0  Recommendation:  Remove Microsoft.AspNetCore.Mvc.Razor.RuntimeCompilation, and replace with new package Microsoft.AspNetCore.Mvc.Razor.RuntimeCompilation 10.0.2"
Project.0002,Project's target framework(s) needs to be changed,Active,Mandatory,1,Services\BCKFreightTMS.Services.Mapping\BCKFreightTMS.Services.Mapping.csproj,File,Services\BCKFreightTMS.Services.Mapping\BCKFreightTMS.Services.Mapping.csproj,,,,,,,,Current target framework: net6.0 Recommended target framework: net10.0
NuGet.0002,NuGet package upgrade is recommended,Active,Potential,1,Services\BCKFreightTMS.Services.Messaging\BCKFreightTMS.Services.Messaging.csproj,File,Services\BCKFreightTMS.Services.Messaging\BCKFreightTMS.Services.Messaging.csproj,,,Microsoft.AspNetCore.Mvc.Razor.RuntimeCompilation 6.0.0,,,,,"Microsoft.AspNetCore.Mvc.Razor.RuntimeCompilation, 6.0.0  Recommendation:  Remove Microsoft.AspNetCore.Mvc.Razor.RuntimeCompilation, and replace with new package Microsoft.AspNetCore.Mvc.Razor.RuntimeCompilation 10.0.2"
Project.0002,Project's target framework(s) needs to be changed,Active,Mandatory,1,Services\BCKFreightTMS.Services.Messaging\BCKFreightTMS.Services.Messaging.csproj,File,Services\BCKFreightTMS.Services.Messaging\BCKFreightTMS.Services.Messaging.csproj,,,,,,,,Current target framework: net6.0 Recommended target framework: net10.0
Api.0003,Behavioral change in selected .NET version,Active,Potential,1,Services\BCKFreightTMS.Services.Messaging\BCKFreightTMS.Services.Messaging.csproj,File,Services\BCKFreightTMS.Services.Messaging\SendGridEmailSender.cs,41,16,T:System.Net.Http.HttpContent,,,,,Console.WriteLine(await response.Body.ReadAsStringAsync());
NuGet.0003,NuGet package functionality is included with framework reference,Active,Mandatory,1,Web\BCKFreightTMS.Web\BCKFreightTMS.Web.csproj,File,Web\BCKFreightTMS.Web\BCKFreightTMS.Web.csproj,,,Microsoft.AspNetCore.Http 2.3.9,,,,,"Microsoft.AspNetCore.Http, 2.3.9  Recommendation:  Package functionality included with new framework reference"
NuGet.0003,NuGet package functionality is included with framework reference,Active,Mandatory,1,Web\BCKFreightTMS.Web\BCKFreightTMS.Web.csproj,File,Web\BCKFreightTMS.Web\BCKFreightTMS.Web.csproj,,,Microsoft.AspNetCore.Http.Abstractions 2.3.9,,,,,"Microsoft.AspNetCore.Http.Abstractions, 2.3.9  Recommendation:  Package functionality included with new framework reference"
NuGet.0002,NuGet package upgrade is recommended,Active,Potential,1,Web\BCKFreightTMS.Web\BCKFreightTMS.Web.csproj,File,Web\BCKFreightTMS.Web\BCKFreightTMS.Web.csproj,,,Microsoft.AspNetCore.Identity.EntityFrameworkCore 6.0.0,,,,,"Microsoft.AspNetCore.Identity.EntityFrameworkCore, 6.0.0  Recommendation:  Remove Microsoft.AspNetCore.Identity.EntityFrameworkCore, and replace with new package Microsoft.AspNetCore.Identity.EntityFrameworkCore 10.0.2"
NuGet.0002,NuGet package upgrade is recommended,Active,Potential,1,Web\BCKFreightTMS.Web\BCKFreightTMS.Web.csproj,File,Web\BCKFreightTMS.Web\BCKFreightTMS.Web.csproj,,,Microsoft.EntityFrameworkCore.Proxies 6.0.0,,,,,"Microsoft.EntityFrameworkCore.Proxies, 6.0.0  Recommendation:  Remove Microsoft.EntityFrameworkCore.Proxies, and replace with new package Microsoft.EntityFrameworkCore.Proxies 10.0.2"
NuGet.0002,NuGet package upgrade is recommended,Active,Potential,1,Web\BCKFreightTMS.Web\BCKFreightTMS.Web.csproj,File,Web\BCKFreightTMS.Web\BCKFreightTMS.Web.csproj,,,Microsoft.EntityFrameworkCore.SqlServer 6.0.0,,,,,"Microsoft.EntityFrameworkCore.SqlServer, 6.0.0  Recommendation:  Remove Microsoft.EntityFrameworkCore.SqlServer, and replace with new package Microsoft.EntityFrameworkCore.SqlServer 10.0.2"
NuGet.0002,NuGet package upgrade is recommended,Active,Potential,1,Web\BCKFreightTMS.Web\BCKFreightTMS.Web.csproj,File,Web\BCKFreightTMS.Web\BCKFreightTMS.Web.csproj,,,Microsoft.EntityFrameworkCore.Tools 6.0.0,,,,,"Microsoft.EntityFrameworkCore.Tools, 6.0.0  Recommendation:  Remove Microsoft.EntityFrameworkCore.Tools, and replace with new package Microsoft.EntityFrameworkCore.Tools 10.0.2"
NuGet.0002,NuGet package upgrade is recommended,Active,Potential,1,Web\BCKFreightTMS.Web\BCKFreightTMS.Web.csproj,File,Web\BCKFreightTMS.Web\BCKFreightTMS.Web.csproj,,,Microsoft.VisualStudio.Web.CodeGeneration.Design 6.0.0,,,,,"Microsoft.VisualStudio.Web.CodeGeneration.Design, 6.0.0  Recommendation:  Remove Microsoft.VisualStudio.Web.CodeGeneration.Design, and replace with new package Microsoft.VisualStudio.Web.CodeGeneration.Design 10.0.2"
NuGet.0002,NuGet package upgrade is recommended,Active,Potential,1,Web\BCKFreightTMS.Web\BCKFreightTMS.Web.csproj,File,Web\BCKFreightTMS.Web\BCKFreightTMS.Web.csproj,,,Microsoft.AspNetCore.Mvc.Razor.RuntimeCompilation 6.0.0,,,,,"Microsoft.AspNetCore.Mvc.Razor.RuntimeCompilation, 6.0.0  Recommendation:  Remove Microsoft.AspNetCore.Mvc.Razor.RuntimeCompilation, and replace with new package Microsoft.AspNetCore.Mvc.Razor.RuntimeCompilation 10.0.2"
NuGet.0002,NuGet package upgrade is recommended,Active,Potential,1,Web\BCKFreightTMS.Web\BCKFreightTMS.Web.csproj,File,Web\BCKFreightTMS.Web\BCKFreightTMS.Web.csproj,,,Microsoft.AspNetCore.Diagnostics.EntityFrameworkCore 6.0.0,,,,,"Microsoft.AspNetCore.Diagnostics.EntityFrameworkCore, 6.0.0  Recommendation:  Remove Microsoft.AspNetCore.Diagnostics.EntityFrameworkCore, and replace with new package Microsoft.AspNetCore.Diagnostics.EntityFrameworkCore 10.0.2"
NuGet.0002,NuGet package upgrade is recommended,Active,Potential,1,Web\BCKFreightTMS.Web\BCKFreightTMS.Web.csproj,File,Web\BCKFreightTMS.Web\BCKFreightTMS.Web.csproj,,,Microsoft.AspNetCore.Identity.UI 6.0.0,,,,,"Microsoft.AspNetCore.Identity.UI, 6.0.0  Recommendation:  Remove Microsoft.AspNetCore.Identity.UI, and replace with new package Microsoft.AspNetCore.Identity.UI 10.0.2"
Project.0002,Project's target framework(s) needs to be changed,Active,Mandatory,1,Web\BCKFreightTMS.Web\BCKFreightTMS.Web.csproj,File,Web\BCKFreightTMS.Web\BCKFreightTMS.Web.csproj,,,,,,,,Current target framework: net6.0 Recommended target framework: net10.0
Api.0002,Source incompatible for selected .NET version,Active,Potential,1,Web\BCKFreightTMS.Web\BCKFreightTMS.Web.csproj,File,Web\BCKFreightTMS.Web\Views\Shared\AdminLTE\_MainNavigation.cshtml.-W7Cv5f4qAgMBY1A.ide.g.cs,223,12,M:System.TimeSpan.FromDays(System.Double),,,,,"__Microsoft_AspNetCore_Mvc_TagHelpers_CacheTagHelper.ExpiresSliding =   #nullable restore  #line (28,66)-(28,86) ""C:\Users\mmsla\Documents\.NET Projects\BCKFreight\src\Web\BCKFreightTMS.Web\Views\Shared\AdminLTE\_MainNavigation.cshtml""  TimeSpan.FromDays(1)    #line default  #line hidden  #nullable disable              ;"
Api.0002,Source incompatible for selected .NET version,Active,Potential,1,Web\BCKFreightTMS.Web\BCKFreightTMS.Web.csproj,File,Web\BCKFreightTMS.Web\Areas\Administration\Views\Dashboard\Index.cshtml.-W7Cv5f4qAgMBY1A.ide.g.cs,150,12,M:System.TimeSpan.FromMinutes(System.Double),,,,,"__Microsoft_AspNetCore_Mvc_TagHelpers_CacheTagHelper.ExpiresAfter =   #nullable restore  #line (6,23)-(6,47) ""C:\Users\mmsla\Documents\.NET Projects\BCKFreight\src\Web\BCKFreightTMS.Web\Areas\Administration\Views\Dashboard\Index.cshtml""  TimeSpan.FromMinutes(60)    #line default  #line hidden  #nullable disable              ;"
Api.0003,Behavioral change in selected .NET version,Active,Potential,1,Web\BCKFreightTMS.Web\BCKFreightTMS.Web.csproj,File,Web\BCKFreightTMS.Web\Controllers\TransactionsController.cs,165,16,T:System.Xml.Serialization.XmlSerializer,,,,,var serializer = new XmlSerializer(type);
Api.0003,Behavioral change in selected .NET version,Active,Potential,1,Web\BCKFreightTMS.Web\BCKFreightTMS.Web.csproj,File,Web\BCKFreightTMS.Web\Controllers\TransactionsController.cs,137,12,T:System.Xml.Serialization.XmlSerializer,,,,,var serializer = new XmlSerializer(typeof(DSKStatementModel));
Api.0002,Source incompatible for selected .NET version,Active,Potential,1,Web\BCKFreightTMS.Web\BCKFreightTMS.Web.csproj,File,Web\BCKFreightTMS.Web\Areas\Administration\Controllers\DashboardController.cs,37,16,T:System.Drawing.Image,,,,,"images[0].Save(ms, images[0].RawFormat);"
Api.0002,Source incompatible for selected .NET version,Active,Potential,1,Web\BCKFreightTMS.Web\BCKFreightTMS.Web.csproj,File,Web\BCKFreightTMS.Web\Areas\Administration\Controllers\DashboardController.cs,37,16,T:System.Drawing.Imaging.ImageFormat,,,,,"images[0].Save(ms, images[0].RawFormat);"
Api.0002,Source incompatible for selected .NET version,Active,Potential,1,Web\BCKFreightTMS.Web\BCKFreightTMS.Web.csproj,File,Web\BCKFreightTMS.Web\Areas\Administration\Controllers\DashboardController.cs,37,16,P:System.Drawing.Image.RawFormat,,,,,"images[0].Save(ms, images[0].RawFormat);"
Api.0002,Source incompatible for selected .NET version,Active,Potential,1,Web\BCKFreightTMS.Web\BCKFreightTMS.Web.csproj,File,Web\BCKFreightTMS.Web\Areas\Administration\Controllers\DashboardController.cs,37,16,T:System.Drawing.Image,,,,,"images[0].Save(ms, images[0].RawFormat);"
Api.0002,Source incompatible for selected .NET version,Active,Potential,1,Web\BCKFreightTMS.Web\BCKFreightTMS.Web.csproj,File,Web\BCKFreightTMS.Web\Areas\Administration\Controllers\DashboardController.cs,37,16,"M:System.Drawing.Image.Save(System.IO.Stream,System.Drawing.Imaging.ImageFormat)",,,,,"images[0].Save(ms, images[0].RawFormat);"
Api.0003,Behavioral change in selected .NET version,Active,Potential,1,Web\BCKFreightTMS.Web\BCKFreightTMS.Web.csproj,File,Web\BCKFreightTMS.Web\Startup.cs,144,16,"M:Microsoft.AspNetCore.Builder.ExceptionHandlerExtensions.UseExceptionHandler(Microsoft.AspNetCore.Builder.IApplicationBuilder,System.String)",,,,,"app.UseExceptionHandler(""/Dashboard/Error"");"
Api.0002,Source incompatible for selected .NET version,Active,Potential,1,Web\BCKFreightTMS.Web\BCKFreightTMS.Web.csproj,File,Web\BCKFreightTMS.Web\Startup.cs,56,12,M:Microsoft.Extensions.DependencyInjection.RazorRuntimeCompilationMvcBuilderExtensions.AddRazorRuntimeCompilation(Microsoft.Extensions.DependencyInjection.IMvcBuilder),,,,,services.AddControllersWithViews(                  options =>                      {                          var policy = new AuthorizationPolicyBuilder()                          .RequireAuthenticatedUser()                          .Build();                          options.Filters.Add(new AuthorizeFilter(policy));                          options.Filters.Add(new AutoValidateAntiforgeryTokenAttribute());                      }).AddRazorRuntimeCompilation();
Api.0002,Source incompatible for selected .NET version,Active,Potential,1,Web\BCKFreightTMS.Web\BCKFreightTMS.Web.csproj,File,Web\BCKFreightTMS.Web\Startup.cs,46,12,T:Microsoft.Extensions.DependencyInjection.IdentityServiceCollectionUIExtensions,,,,,services.AddDefaultIdentity<ApplicationUser>(IdentityOptionsProvider.GetIdentityOptions)                  .AddRoles<ApplicationRole>().AddEntityFrameworkStores<ApplicationDbContext>();
Api.0002,Source incompatible for selected .NET version,Active,Potential,1,Web\BCKFreightTMS.Web\BCKFreightTMS.Web.csproj,File,Web\BCKFreightTMS.Web\Startup.cs,46,12,"M:Microsoft.Extensions.DependencyInjection.IdentityServiceCollectionUIExtensions.AddDefaultIdentity``1(Microsoft.Extensions.DependencyInjection.IServiceCollection,System.Action{Microsoft.AspNetCore.Identity.IdentityOptions})",,,,,services.AddDefaultIdentity<ApplicationUser>(IdentityOptionsProvider.GetIdentityOptions)                  .AddRoles<ApplicationRole>().AddEntityFrameworkStores<ApplicationDbContext>();
Api.0002,Source incompatible for selected .NET version,Active,Potential,1,Web\BCKFreightTMS.Web\BCKFreightTMS.Web.csproj,File,Web\BCKFreightTMS.Web\Startup.cs,46,12,T:Microsoft.Extensions.DependencyInjection.IdentityEntityFrameworkBuilderExtensions,,,,,services.AddDefaultIdentity<ApplicationUser>(IdentityOptionsProvider.GetIdentityOptions)                  .AddRoles<ApplicationRole>().AddEntityFrameworkStores<ApplicationDbContext>();
Api.0002,Source incompatible for selected .NET version,Active,Potential,1,Web\BCKFreightTMS.Web\BCKFreightTMS.Web.csproj,File,Web\BCKFreightTMS.Web\Startup.cs,46,12,M:Microsoft.Extensions.DependencyInjection.IdentityEntityFrameworkBuilderExtensions.AddEntityFrameworkStores``1(Microsoft.AspNetCore.Identity.IdentityBuilder),,,,,services.AddDefaultIdentity<ApplicationUser>(IdentityOptionsProvider.GetIdentityOptions)                  .AddRoles<ApplicationRole>().AddEntityFrameworkStores<ApplicationDbContext>();
NuGet.0003,NuGet package functionality is included with framework reference,Active,Mandatory,1,Tests\BCKFreightTMS.Web.Tests\BCKFreightTMS.Web.Tests.csproj,File,Tests\BCKFreightTMS.Web.Tests\BCKFreightTMS.Web.Tests.csproj,,,Microsoft.AspNetCore.Http 2.3.9,,,,,"Microsoft.AspNetCore.Http, 2.3.9  Recommendation:  Package functionality included with new framework reference"
NuGet.0003,NuGet package functionality is included with framework reference,Active,Mandatory,1,Tests\BCKFreightTMS.Web.Tests\BCKFreightTMS.Web.Tests.csproj,File,Tests\BCKFreightTMS.Web.Tests\BCKFreightTMS.Web.Tests.csproj,,,Microsoft.AspNetCore.Http.Abstractions 2.3.9,,,,,"Microsoft.AspNetCore.Http.Abstractions, 2.3.9  Recommendation:  Package functionality included with new framework reference"
NuGet.0002,NuGet package upgrade is recommended,Active,Potential,1,Tests\BCKFreightTMS.Web.Tests\BCKFreightTMS.Web.Tests.csproj,File,Tests\BCKFreightTMS.Web.Tests\BCKFreightTMS.Web.Tests.csproj,,,Microsoft.AspNetCore.Mvc.Razor.RuntimeCompilation 6.0.0,,,,,"Microsoft.AspNetCore.Mvc.Razor.RuntimeCompilation, 6.0.0  Recommendation:  Remove Microsoft.AspNetCore.Mvc.Razor.RuntimeCompilation, and replace with new package Microsoft.AspNetCore.Mvc.Razor.RuntimeCompilation 10.0.2"
NuGet.0002,NuGet package upgrade is recommended,Active,Potential,1,Tests\BCKFreightTMS.Web.Tests\BCKFreightTMS.Web.Tests.csproj,File,Tests\BCKFreightTMS.Web.Tests\BCKFreightTMS.Web.Tests.csproj,,,Microsoft.AspNetCore.Mvc.Testing 6.0.0,,,,,"Microsoft.AspNetCore.Mvc.Testing, 6.0.0  Recommendation:  Remove Microsoft.AspNetCore.Mvc.Testing, and replace with new package Microsoft.AspNetCore.Mvc.Testing 10.0.2"
Project.0002,Project's target framework(s) needs to be changed,Active,Mandatory,1,Tests\BCKFreightTMS.Web.Tests\BCKFreightTMS.Web.Tests.csproj,File,Tests\BCKFreightTMS.Web.Tests\BCKFreightTMS.Web.Tests.csproj,,,,,,,,Current target framework: net6.0 Recommended target framework: net10.0
Api.0002,Source incompatible for selected .NET version,Active,Potential,1,Tests\BCKFreightTMS.Web.Tests\BCKFreightTMS.Web.Tests.csproj,File,Tests\BCKFreightTMS.Web.Tests\SeleniumServerFactory.cs,21,12,T:Microsoft.AspNetCore.Hosting.WebHostBuilder,,,,,var testServer = new TestServer(new WebHostBuilder().UseStartup<FakeStartup>());
Api.0002,Source incompatible for selected .NET version,Active,Potential,1,Tests\BCKFreightTMS.Web.Tests\BCKFreightTMS.Web.Tests.csproj,File,Tests\BCKFreightTMS.Web.Tests\SeleniumServerFactory.cs,18,12,T:Microsoft.AspNetCore.WebHost,,,,,var host = WebHost.CreateDefaultBuilder(Array.Empty<string>()).UseStartup<TStartup>().Build();
Api.0002,Source incompatible for selected .NET version,Active,Potential,1,Tests\BCKFreightTMS.Web.Tests\BCKFreightTMS.Web.Tests.csproj,File,Tests\BCKFreightTMS.Web.Tests\SeleniumServerFactory.cs,18,12,T:Microsoft.AspNetCore.Hosting.IWebHost,,,,,var host = WebHost.CreateDefaultBuilder(Array.Empty<string>()).UseStartup<TStartup>().Build();
Api.0003,Behavioral change in selected .NET version,Active,Potential,1,Tests\BCKFreightTMS.Web.Tests\BCKFreightTMS.Web.Tests.csproj,File,Tests\BCKFreightTMS.Web.Tests\SeleniumServerFactory.cs,17,12,T:System.Uri,,,,,"this.ClientOptions.BaseAddress = new Uri(""https://localhost"");"
Api.0003,Behavioral change in selected .NET version,Active,Potential,1,Tests\BCKFreightTMS.Web.Tests\BCKFreightTMS.Web.Tests.csproj,File,Tests\BCKFreightTMS.Web.Tests\SeleniumServerFactory.cs,17,12,M:System.Uri.#ctor(System.String),,,,,"this.ClientOptions.BaseAddress = new Uri(""https://localhost"");"
Api.0003,Behavioral change in selected .NET version,Active,Potential,1,Tests\BCKFreightTMS.Web.Tests\BCKFreightTMS.Web.Tests.csproj,File,Tests\BCKFreightTMS.Web.Tests\SeleniumServerFactory.cs,17,12,T:System.Uri,,,,,"this.ClientOptions.BaseAddress = new Uri(""https://localhost"");"
Api.0002,Source incompatible for selected .NET version,Active,Potential,1,Tests\BCKFreightTMS.Web.Tests\BCKFreightTMS.Web.Tests.csproj,File,Tests\BCKFreightTMS.Web.Tests\SeleniumServerFactory.cs,21,12,T:Microsoft.AspNetCore.Hosting.WebHostBuilder,,,,,var testServer = new TestServer(new WebHostBuilder().UseStartup<FakeStartup>());
Api.0002,Source incompatible for selected .NET version,Active,Potential,1,Tests\BCKFreightTMS.Web.Tests\BCKFreightTMS.Web.Tests.csproj,File,Tests\BCKFreightTMS.Web.Tests\SeleniumServerFactory.cs,18,12,T:Microsoft.AspNetCore.WebHost,,,,,var host = WebHost.CreateDefaultBuilder(Array.Empty<string>()).UseStartup<TStartup>().Build();
Api.0002,Source incompatible for selected .NET version,Active,Potential,1,Tests\BCKFreightTMS.Web.Tests\BCKFreightTMS.Web.Tests.csproj,File,Tests\BCKFreightTMS.Web.Tests\SeleniumServerFactory.cs,18,12,T:Microsoft.AspNetCore.Hosting.IWebHost,,,,,var host = WebHost.CreateDefaultBuilder(Array.Empty<string>()).UseStartup<TStartup>().Build();
Api.0003,Behavioral change in selected .NET version,Active,Potential,1,Tests\BCKFreightTMS.Web.Tests\BCKFreightTMS.Web.Tests.csproj,File,Tests\BCKFreightTMS.Web.Tests\SeleniumServerFactory.cs,17,12,T:System.Uri,,,,,"this.ClientOptions.BaseAddress = new Uri(""https://localhost"");"
Api.0003,Behavioral change in selected .NET version,Active,Potential,1,Tests\BCKFreightTMS.Web.Tests\BCKFreightTMS.Web.Tests.csproj,File,Tests\BCKFreightTMS.Web.Tests\SeleniumServerFactory.cs,17,12,M:System.Uri.#ctor(System.String),,,,,"this.ClientOptions.BaseAddress = new Uri(""https://localhost"");"
Api.0003,Behavioral change in selected .NET version,Active,Potential,1,Tests\BCKFreightTMS.Web.Tests\BCKFreightTMS.Web.Tests.csproj,File,Tests\BCKFreightTMS.Web.Tests\SeleniumServerFactory.cs,17,12,T:System.Uri,,,,,"this.ClientOptions.BaseAddress = new Uri(""https://localhost"");"
Api.0003,Behavioral change in selected .NET version,Active,Potential,1,Tests\BCKFreightTMS.Web.Tests\BCKFreightTMS.Web.Tests.csproj,File,Tests\BCKFreightTMS.Web.Tests\WebTests.cs,24,12,T:System.Net.Http.HttpContent,,,,,var responseContent = await response.Content.ReadAsStringAsync();
NuGet.0002,NuGet package upgrade is recommended,Active,Potential,1,Web\BCKFreightTMS.Web.ViewModels\BCKFreightTMS.Web.ViewModels.csproj,File,Web\BCKFreightTMS.Web.ViewModels\BCKFreightTMS.Web.ViewModels.csproj,,,Microsoft.AspNetCore.Mvc.Razor.RuntimeCompilation 6.0.0,,,,,"Microsoft.AspNetCore.Mvc.Razor.RuntimeCompilation, 6.0.0  Recommendation:  Remove Microsoft.AspNetCore.Mvc.Razor.RuntimeCompilation, and replace with new package Microsoft.AspNetCore.Mvc.Razor.RuntimeCompilation 10.0.2"
Project.0002,Project's target framework(s) needs to be changed,Active,Mandatory,1,Web\BCKFreightTMS.Web.ViewModels\BCKFreightTMS.Web.ViewModels.csproj,File,Web\BCKFreightTMS.Web.ViewModels\BCKFreightTMS.Web.ViewModels.csproj,,,,,,,,Current target framework: net6.0 Recommended target framework: net10.0
NuGet.0002,NuGet package upgrade is recommended,Active,Potential,1,Tests\Sandbox\Sandbox.csproj,File,Tests\Sandbox\Sandbox.csproj,,,Microsoft.AspNetCore.Mvc.Razor.RuntimeCompilation 6.0.0,,,,,"Microsoft.AspNetCore.Mvc.Razor.RuntimeCompilation, 6.0.0  Recommendation:  Remove Microsoft.AspNetCore.Mvc.Razor.RuntimeCompilation, and replace with new package Microsoft.AspNetCore.Mvc.Razor.RuntimeCompilation 10.0.2"
NuGet.0002,NuGet package upgrade is recommended,Active,Potential,1,Tests\Sandbox\Sandbox.csproj,File,Tests\Sandbox\Sandbox.csproj,,,Microsoft.Extensions.Configuration 6.0.0,,,,,"Microsoft.Extensions.Configuration, 6.0.0  Recommendation:  Remove Microsoft.Extensions.Configuration, and replace with new package Microsoft.Extensions.Configuration 10.0.2"
NuGet.0002,NuGet package upgrade is recommended,Active,Potential,1,Tests\Sandbox\Sandbox.csproj,File,Tests\Sandbox\Sandbox.csproj,,,Microsoft.Extensions.Configuration.EnvironmentVariables 6.0.0,,,,,"Microsoft.Extensions.Configuration.EnvironmentVariables, 6.0.0  Recommendation:  Remove Microsoft.Extensions.Configuration.EnvironmentVariables, and replace with new package Microsoft.Extensions.Configuration.EnvironmentVariables 10.0.2"
NuGet.0002,NuGet package upgrade is recommended,Active,Potential,1,Tests\Sandbox\Sandbox.csproj,File,Tests\Sandbox\Sandbox.csproj,,,Microsoft.Extensions.Configuration.Json 6.0.0,,,,,"Microsoft.Extensions.Configuration.Json, 6.0.0  Recommendation:  Remove Microsoft.Extensions.Configuration.Json, and replace with new package Microsoft.Extensions.Configuration.Json 10.0.2"
NuGet.0002,NuGet package upgrade is recommended,Active,Potential,1,Tests\Sandbox\Sandbox.csproj,File,Tests\Sandbox\Sandbox.csproj,,,Microsoft.Extensions.Logging.Console 6.0.0,,,,,"Microsoft.Extensions.Logging.Console, 6.0.0  Recommendation:  Remove Microsoft.Extensions.Logging.Console, and replace with new package Microsoft.Extensions.Logging.Console 10.0.2"
NuGet.0002,NuGet package upgrade is recommended,Active,Potential,1,Tests\Sandbox\Sandbox.csproj,File,Tests\Sandbox\Sandbox.csproj,,,Microsoft.AspNetCore.Identity.UI 6.0.0,,,,,"Microsoft.AspNetCore.Identity.UI, 6.0.0  Recommendation:  Remove Microsoft.AspNetCore.Identity.UI, and replace with new package Microsoft.AspNetCore.Identity.UI 10.0.2"
Project.0002,Project's target framework(s) needs to be changed,Active,Mandatory,1,Tests\Sandbox\Sandbox.csproj,File,Tests\Sandbox\Sandbox.csproj,,,,,,,,Current target framework: net6.0 Recommended target framework: net10.0
Api.0002,Source incompatible for selected .NET version,Active,Potential,1,Tests\Sandbox\Sandbox.csproj,File,Tests\Sandbox\Program.cs,76,12,T:Microsoft.Extensions.DependencyInjection.IdentityServiceCollectionUIExtensions,,,,,services.AddDefaultIdentity<ApplicationUser>(IdentityOptionsProvider.GetIdentityOptions)                  .AddRoles<ApplicationRole>().AddEntityFrameworkStores<ApplicationDbContext>();
Api.0002,Source incompatible for selected .NET version,Active,Potential,1,Tests\Sandbox\Sandbox.csproj,File,Tests\Sandbox\Program.cs,76,12,"M:Microsoft.Extensions.DependencyInjection.IdentityServiceCollectionUIExtensions.AddDefaultIdentity``1(Microsoft.Extensions.DependencyInjection.IServiceCollection,System.Action{Microsoft.AspNetCore.Identity.IdentityOptions})",,,,,services.AddDefaultIdentity<ApplicationUser>(IdentityOptionsProvider.GetIdentityOptions)                  .AddRoles<ApplicationRole>().AddEntityFrameworkStores<ApplicationDbContext>();
Api.0002,Source incompatible for selected .NET version,Active,Potential,1,Tests\Sandbox\Sandbox.csproj,File,Tests\Sandbox\Program.cs,76,12,T:Microsoft.Extensions.DependencyInjection.IdentityEntityFrameworkBuilderExtensions,,,,,services.AddDefaultIdentity<ApplicationUser>(IdentityOptionsProvider.GetIdentityOptions)                  .AddRoles<ApplicationRole>().AddEntityFrameworkStores<ApplicationDbContext>();
Api.0002,Source incompatible for selected .NET version,Active,Potential,1,Tests\Sandbox\Sandbox.csproj,File,Tests\Sandbox\Program.cs,76,12,M:Microsoft.Extensions.DependencyInjection.IdentityEntityFrameworkBuilderExtensions.AddEntityFrameworkStores``1(Microsoft.AspNetCore.Identity.IdentityBuilder),,,,,services.AddDefaultIdentity<ApplicationUser>(IdentityOptionsProvider.GetIdentityOptions)                  .AddRoles<ApplicationRole>().AddEntityFrameworkStores<ApplicationDbContext>();
